,ftmo_floor_half,LOW_half_median,HIGH_half_median,share_bars_measured_above_floor_LOW,LOW_half_at_00UTC,HIGH_half_on_H7_entries,rt_24h_LOW_bp,rt_24h_HIGH_bp
BTCUSD,0.064,0.187,0.274,0.65,0.23,0.25,15.18,15.22
ETHUSD,1.252,1.252,1.252,0.16,1.252,1.252,17.22,17.22
BNBUSD,0.072,1.699,2.27,1.0,1.776,1.842,18.27,18.4
SOLUSD,1.502,1.586,1.809,0.59,1.518,1.502,17.76,17.72
XRPUSD,5.56,5.56,5.56,0.0,5.56,5.56,25.84,25.84
DOGEUSD,5.511,5.511,5.511,0.37,5.511,5.511,25.74,25.74
ADAUSD,7.555,7.555,7.555,0.0,7.555,7.555,29.83,29.83
LTCUSD,15.0,15.0,15.0,0.0,15.0,15.0,44.72,44.72
BCHUSD,12.253,12.253,12.253,0.0,12.253,12.253,39.23,39.23
DOTUSD,12.7,12.7,12.7,0.0,12.7,12.7,40.12,40.12
